{
  "format_version": "1.12",
  "minecraft:recipe_shaped": {
    "description": {
    "identifier": "morestand:armor_stand_acacia"
    },

    
    "tags": [ "crafting_table", "craft_table" ],
    "pattern": [
      "///",
      " / ",
      "/_/"
    ],
    "key": {
      "/": {
        "item": "morestand:acacia_stick"
      },
      "_": {
      	"item": "minecraft:double_stone_slab",
        "data": 0
      }
    },
    "result": {
      "item": "spawn_egg",
      "data": "query.get_actor_info_id('morestand:armor_stand_acacia')"
    }
  }
}
