{
  "format_version": "1.10.0",
  "minecraft:client_entity": {
    "description": {
      "identifier": "bpp:sail",
      "materials": {
        "default": "spider"
      },
      "textures": {
        "white": "textures/entity/bpp_sail_white",
        "red": "textures/entity/bpp_sail_red",
        "black": "textures/entity/bpp_sail_black",
        "green": "textures/entity/bpp_sail_green",
        "brown": "textures/entity/bpp_sail_brown",
        "blue": "textures/entity/bpp_sail_blue",
        "purple": "textures/entity/bpp_sail_purple",
        "cyan": "textures/entity/bpp_sail_cyan",
        "lightgray": "textures/entity/bpp_sail_lightgray",
        "gray": "textures/entity/bpp_sail_gray",
        "pink": "textures/entity/bpp_sail_pink",
        "lime": "textures/entity/bpp_sail_lime",
        "yellow": "textures/entity/bpp_sail_yellow",
        "lightblue": "textures/entity/bpp_sail_lightblue",
        "magenta": "textures/entity/bpp_sail_magenta",
        "orange": "textures/entity/bpp_sail_orange"
      },
      "geometry": {
        "default": "geometry.bpp.sail"
      },
      "render_controllers": [
        "controller.render.bpp_sail"
      ]
    }
  }
}