{
  "format_version": "1.10.0",
  "minecraft:client_entity": {
    "description": {
      "identifier": "bpp:tnt_ammo",
      "materials": {
        "default": "arrow"
      },
      "textures": {
        "default": "textures/entity/tnt_ammo"
      },
      "geometry": {
        "default": "geometry.bpp.tnt_ammo"
      },
      "animations": {
        "move": "animation.tnt_ammo.move"
      },
      "scripts": {
        "animate": [
          "move"
        ]
      },
      "render_controllers": [ "controller.render.arrow" ]
    }
  }
}
