{
	"format_version": "1.12.0",
	"minecraft:geometry": [
		{
			"description": {
				"identifier": "geometry.bpp.dispenser",
				"texture_width": 128,
				"texture_height": 64,
				"visible_bounds_width": 4,
				"visible_bounds_height": 2.5,
				"visible_bounds_offset": [0, 0.75, 0]
			},
			"bones": [
				{
					"name": "bone",
					"pivot": [0, 0, 0],
					"cubes": [
						{
							"origin": [-8, 0, -8],
							"size": [16, 16, 16],
							"pivot": [0, 0, 0],
							"rotation": [0, 90, 0],
							"uv": {
								"north": {"uv": [0, 32], "uv_size": [64, 32]},
								"east": {"uv": [64, 0], "uv_size": [64, 32]},
								"south": {"uv": [0, 0], "uv_size": [64, 32]},
								"west": {"uv": [64, 0], "uv_size": [64, 32]},
								"up": {"uv": [128, 64], "uv_size": [-64, -32]},
								"down": {"uv": [128, 64], "uv_size": [-64, -32]}
							}
						}
					]
				}
			]
		}
	]
}