{
	"format_version": "1.12.0",
	"minecraft:geometry": [
		{
			"description": {
				"identifier": "geometry.bpp.hopper",
				"texture_width": 80,
				"texture_height": 80,
				"visible_bounds_width": 2,
				"visible_bounds_height": 2.5,
				"visible_bounds_offset": [0, 0.75, 0]
			},
			"bones": [
				{
					"name": "bone",
					"pivot": [0, 0, 0],
					"cubes": [
						{"origin": [-8, 9, -8], "size": [2, 6, 16], "uv": [20, 22]},
						{"origin": [-6, 9, -8], "size": [12, 6, 2], "uv": [40, 28]},
						{"origin": [-8, 9.05, -8], "size": [16, 0, 16], "inflate": 0, "uv": [0, 44]},
						{"origin": [-6, 9, 6], "size": [12, 6, 2], "uv": [40, 20]},
						{"origin": [6, 9, -8], "size": [2, 6, 16], "uv": [0, 16]},
						{"origin": [-4, 3, -4], "size": [8, 6, 8], "uv": [40, 6]},
						{"origin": [-2, 0, -2], "size": [4, 3, 4], "uv": [0, 0]}
					]
				}
			]
		}
	]
}