{
    "pools": [
        {
            "rolls": 1,
            "entries": [
                {
                    "type": "item",
                    "name": "morecrafting:dark_oak_crafting_table",
                    "weight": 1,
                    "functions": [
                        {
                            "function": "set_count",
                          "count": {
                       "min": 1,
                       "max": 1
                            }
                        }
                    ]
                }
            ]
        }
    ]
}