{
  "format_version": "1.8.0",
  "minecraft:spawn_rules": {
    "description": {
      "identifier": "minecon:swamp_boat",
      "population_control": "animal"
    },
    "conditions": [
      {
        "minecraft:spawns_on_surface": {},
        "minecraft:spawns_underwater": {},
        "minecraft:brightness_filter": {
          "min": 7,
          "max": 15,
          "adjust_for_weather": true
        },
        "minecraft:weight": {
          "default": 1
        },
        "minecraft:density_limit": {
          "surface": 1
        },
        "minecraft:distance_filter": {
          "min": 30,
          "max": 48
        },
        "minecraft:permute_type": [
          {
            "weight": 5
          },
          {
            "weight": 95,
            "entity_type": "swamp:boat_spawn_chance_controller"
          }
        ],
        "minecraft:biome_filter": {
          "any_of": [
            { "test": "has_biome_tag", "operator": "==", "value": "swamp" },
            { "test": "has_biome_tag", "operator": "==", "value": "river" }
          ]
        }
      }
    ]
  }
}