{
  "format_version": "1.16.0",
  "minecraft:block": {
    "description": {
      "identifier": "morecrafting_tables:jungle_crafting_table",
      "is_experimental": false,
      "register_to_creative_menu": true
    },
    "components": {
      "minecraft:loot": "loot_tables/blocks/crafting_tables/jungle_crafting_table.json",
      "minecraft:destroy_time": 2.0,
      "minecraft:friction": 0.7,
      "minecraft:crafting_table": {
                "grid_size": 3,
                "crafting_tags": [
                    "crafting_table"
                ]
            },
      "minecraft:map_color": "#FFFFFF",
      "minecraft:block_light_absorption": 15.0,
      "minecraft:block_light_emission": 0.0,
      "minecraft:explosion_resistance": 1.0
    }
  }
}