{
  "resource_pack_name": "vanilla",
  "texture_name": "atlas.terrain",
  "padding": 8,
  "num_mip_levels": 4,
  "texture_data": {
    "acacia_bookshelf_top": {
      "textures": [
        "textures/blocks/planks_acacia"
      ]
    },
    "birch_bookshelf_top": {
      "textures": [
        "textures/blocks/planks_birch"
      ]
    },
    "spruce_bookshelf_top": {
      "textures": [
        "textures/blocks/planks_spruce"
      ]
    },
    "dark_oak_bookshelf_top": {
      "textures": [
        "textures/blocks/planks_big_oak"
      ]
    },
    "jungle_bookshelf_top": {
      "textures": [
        "textures/blocks/planks_jungle"
      ]
    },
    "warped_bookshelf_top": {
      "textures": [
        "textures/blocks/huge_fungus/warped_planks"
      ]
    },
    "crimson_bookshelf_top": {
      "textures": [
        "textures/blocks/huge_fungus/crimson_planks"
      ]
    },
    "birch_bookshelf_side": {
      "textures": [
        "textures/blocks/birch_bookshelf_side"
      ]
    },
    "dark_oak_bookshelf_side": {
      "textures": [
        "textures/blocks/dark_oak_bookshelf_side"
      ]
    },
    "spruce_bookshelf_side": {
      "textures": [
        "textures/blocks/spruce_bookshelf_side"
      ]
    },
    "crimson_bookshelf_side": {
      "textures": [
        "textures/blocks/huge_fungus/crimson_bookshelf_side"
      ]
    },
    "warped_bookshelf_side": {
      "textures": [
        "textures/blocks/huge_fungus/warped_bookshelf_side"
      ]
    },
    "acacia_bookshelf_side": {
      "textures": [
        "textures/blocks/acacia_bookshelf_side"
      ]
    },
    "jungle_bookshelf_side": {
      "textures": [
        "textures/blocks/jungle_bookshelf_side"
      ]
    },
    "spruce_crafting_table_top": {
      "textures": "textures/blocks/spruce_crafting_table_top"
    },
    "spruce_crafting_table_bottom": {
      "textures": "textures/blocks/planks_spruce"
    },
    "spruce_crafting_table_side": {
      "textures": "textures/blocks/spruce_crafting_table_side"
    },
    "spruce_crafting_table_front": {
      "textures": "textures/blocks/spruce_crafting_table_front"
    },
    "crimson_crafting_table_top": {
      "textures": "textures/blocks/huge_fungus/crimson_crafting_table_top"
    },
    "crimson_crafting_table_bottom": {
      "textures": "textures/blocks/huge_fungus/crimson_planks"
    },
    "crimson_crafting_table_side": {
      "textures": "textures/blocks/huge_fungus/crimson_crafting_table_side"
    },
    "crimson_crafting_table_front": {
      "textures": "textures/blocks/huge_fungus/crimson_crafting_table_front"
    },
    "acacia_crafting_table_top": {
      "textures": "textures/blocks/acacia_crafting_table_top"
    },
    "acacia_crafting_table_bottom": {
      "textures": "textures/blocks/planks_acacia"
    },
    "acacia_crafting_table_side": {
      "textures": "textures/blocks/acacia_crafting_table_side"
    },
    "acacia_crafting_table_front": {
      "textures": "textures/blocks/acacia_crafting_table_front"
    },
    "warped_crafting_table_top": {
      "textures": "textures/blocks/huge_fungus/warped_crafting_table_top"
    },
    "warped_crafting_table_bottom": {
      "textures": "textures/blocks/huge_fungus/warped_planks"
    },
    "warped_crafting_table_side": {
      "textures": "textures/blocks/huge_fungus/warped_crafting_table_side"
    },
    "warped_crafting_table_front": {
      "textures": "textures/blocks/huge_fungus/warped_crafting_table_front"
    },
    "jungle_crafting_table_top": {
      "textures": "textures/blocks/jungle_crafting_table_top"
    },
    "jungle_crafting_table_bottom": {
      "textures": "textures/blocks/planks_jungle"
    },
    "jungle_crafting_table_side": {
      "textures": "textures/blocks/jungle_crafting_table_side"
    },
    "jungle_crafting_table_front": {
      "textures": "textures/blocks/jungle_crafting_table_front"
    },
    "birch_crafting_table_top": {
      "textures": "textures/blocks/birch_crafting_table_top"
    },
    "birch_crafting_table_bottom": {
      "textures": "textures/blocks/planks_birch"
    },
    "birch_crafting_table_side": {
      "textures": "textures/blocks/birch_crafting_table_side"
    },
    "birch_crafting_table_front": {
      "textures": "textures/blocks/birch_crafting_table_front"
    },
    "dark_oak_crafting_table_top": {
      "textures": "textures/blocks/dark_oak_crafting_table_top"
    },
    "dark_oak_crafting_table_bottom": {
      "textures": "textures/blocks/planks_big_oak"
    },
    "dark_oak_crafting_table_side": {
      "textures": "textures/blocks/dark_oak_crafting_table_side"
    },
    "dark_oak_crafting_table_front": {
      "textures": "textures/blocks/dark_oak_crafting_table_front"
    },
	"craft_table": {
      "textures": "textures/blocks/craft_table"
    }
  }
}