{
  "format_version": "1.10.0",
  "minecraft:client_entity": {
    "description": {
      "identifier": "legit:boat_crimson",
      "materials": {
        "default": "skeleton"
      },
      "textures": {
        "default": "textures/entity/boat_crimson"
      },
      "geometry": {
        "default": "geometry.nether_boat"
      },
      "animations": {
        "move": "animation.nether_boat.move",
         "point": "animation.nether_bpoint",
        "attack": "animation.boat_crimson.attack",
        "humanoid_big_head": "animation.humanoid.big_head",
        "look_at_target": "animation.humanoid.look_at_target.default.v1.0",
        "ctrl": "controller.animation.boat_crimson.attack_ctrl"
      },
      "scripts": {
        "animate": [
          "point",
          {
            "move": "query.modified_move_speed"
          }
        ]
      },
      "render_controllers": [
        "controller.render.boat_crimson"
      ],
      "enable_attachables": false,
     "spawn_egg": {
        "texture": "boat_crimson",
        "texture_index": 1
      }
    }
  }
}