{
  "format_version": "1.8.0",
  "render_controllers": {
    "controller.render.bpp_sail": {
      "arrays":{
        "textures":{
          "Array.skins": [
            "Texture.white",
            "Texture.red",
            "Texture.black",
            "Texture.green",
            "Texture.brown",
            "Texture.blue",
            "Texture.purple",
            "Texture.cyan",
            "Texture.lightgray",
            "Texture.gray",
            "Texture.pink",
            "Texture.lime",
            "Texture.yellow",
            "Texture.lightblue",
            "Texture.magenta",
            "Texture.orange"
          ]
        }
      },
      "geometry": "Geometry.default",
      "materials": [ { "*": "Material.default" } ],
      "textures": [ "Array.skins[query.mark_variant]" ]
    }
  }
}