{
  "format_version": "1.16.200",
  "minecraft:block": {
    "description": {
      "identifier": "more:craft_table",
      "register_to_creative_menu": true
    },
    "components": {
      "minecraft:material_instances": {
        "*": {
          "texture": "craft_table",
          "render_method": "alpha_test"
        }
      },
      "minecraft:pick_collision": {
        "origin":  [-8, 0, -8],
        "size":  [16, 16, 16]
      },
      "minecraft:entity_collision": {
        "origin":  [-8, 0, -8],
        "size":  [16, 16, 16]
      },
      "minecraft:block_light_absorption": 0,
      "minecraft:loot": "loot_tables/blocks/crafting_table.json",
	  "minecraft:geometry": "geometry.armor_stand_crafter",
      "minecraft:destroy_time": 3,
      "minecraft:immovable": false,
      "minecraft:explosion_resistance": 3,
      "minecraft:crafting_table": {
        "grid_size": 3,
        "crafting_tags": [
          "craft_table"
        ]
      },
      "minecraft:map_color": "#000000"
    }
  }
}
