{
  "format_version": "1.12",
  "minecraft:recipe_shaped": {
    "description": {
      "identifier": "crimson_bookshelf_3615def1"
    },
    "tags": [
      "crafting_table", "craft_table"
    ],
    "pattern": [
      "AAA",
      "BBB",
      "AAA"
    ],
    "key": {
      "A": {
        "item": "minecraft:crimson_planks",
        "data": 0
      },
      "B": {
        "item": "minecraft:book",
        "data": 0
      }
    },
    "result": {
      "item": "moreshelf:crimson_bookshelf",
      "count": 1
    }
  }
}