{
  "format_version": "1.12",
  "minecraft:recipe_shaped": {
    "description": {
    "identifier": "minecraft:activator_rail_from_crimson"
    },

    
    "tags": [ "crafting_table", "craft_table" ],
    "pattern": [
      "XSX",
      "X#X",
      "XSX"
    ],
    "key": {
      "#": {
        "item": "minecraft:redstone_torch"
      },
      "S": {
        "item": "morestand:crimson_stick"
      },
      "X": {
        "item": "minecraft:iron_ingot"
      }
    },
    "result": {
      "item": "minecraft:activator_rail",
      "count": 6
    }
  }
}
