{
    "format_version": "1.16",
    "minecraft:recipe_shaped": {
        "description": {
            "identifier": "minecraft:crafting_table"
        },
        "tags": [
            "craft_table"
        ],
        "pattern": [
            "AA",
            "AA"
        ],
        "key": {
            "A": {
                "item": "minecraft:planks",
				"data": 0
            }
        },
        "result": {
            "item": "minecraft:crafting_table",
            "count": 1
        },
        "priority": 2
    }
}