{
  "format_version": "1.16.100",
  "minecraft:entity": {
    "description": {
      "identifier": "minecraft:boat",
      "is_spawnable": false,
      "is_summonable": true,
      "is_experimental": false,
      "animations": {
				"shoot_event": "controller.animation.shoot_event"
      },
      "scripts": {
				"animate": [
					{ "shoot_event" : "query.is_saddled" }
			  ]
			}
    },

    "component_groups": {
      "bpp_chest":{
        "minecraft:addrider":{
          "entity_type": "bpp:chest"
        }
      },
      "bpp_barrel":{
        "minecraft:addrider":{
          "entity_type": "bpp:barrel"
        }
      },
      "bpp_hopper":{
        "minecraft:is_baby":{},
        "minecraft:addrider":{
          "entity_type": "bpp:hopper"
        }
      },
      "bpp_dispenser":{
        "minecraft:damage_sensor": {
          "triggers": {
            "on_damage": {
              "filters": {
                "test": "is_family",
                "subject": "damager",
                "value": "tnt_ammo"
              }
            },
            "deals_damage": false
          }
        },
        "minecraft:is_baby":{},
        "minecraft:is_saddled":{},
        "minecraft:addrider":{
          "entity_type": "bpp:dispenser"
        },
        "minecraft:rideable": {
          "seat_count": 2,
          "family_types": [
            "player", "bpp_dispenser"
          ],
          "interact_text": "action.interact.ride.boat",
          "pull_in_entities": true,
          "rider_can_interact": true,
          "seats": [
            {
              "position": [ 0.5, -0.2, 0.0 ],
              "min_rider_count": 0,
              "max_rider_count": 1,
              "rotate_rider_by": "query.has_any_family('bpp_dispenser') ? 180 : -90",
              "lock_rider_rotation": 90
            },
            {
              "position": [ -0.8, 0.0, 0.0 ],
              "min_rider_count": 2,
              "max_rider_count": 2,
              "rotate_rider_by": "query.has_any_family('bpp_dispenser') ? 180 : -90"
            },
            {
              "position": [ 0.5, -0.2, 0.0 ],
              "min_rider_count": 2,
              "max_rider_count": 2,
              "rotate_rider_by": "query.has_any_family('bpp_dispenser') ? 180 : -90",
              "lock_rider_rotation": 90
            }
          ]
        }
      },
      "shoot_event":{
        "minecraft:skin_id":{
          "value": 1
        }
      },
      "remove_shoot_event":{
        "minecraft:skin_id":{
          "value": 0
        }
      },
      "bpp_sail_white":{
        "minecraft:is_baby":{},
        "minecraft:addrider":{
          "entity_type": "bpp:sail",
          "spawn_event": "white"
        }
      },
      "bpp_sail_red":{
        "minecraft:is_baby":{},
        "minecraft:addrider":{
          "entity_type": "bpp:sail",
          "spawn_event": "red"
        }
      },
      "bpp_sail_black":{
        "minecraft:is_baby":{},
        "minecraft:addrider":{
          "entity_type": "bpp:sail",
          "spawn_event": "black"
        }
      },
      "bpp_sail_green":{
        "minecraft:is_baby":{},
        "minecraft:addrider":{
          "entity_type": "bpp:sail",
          "spawn_event": "green"
        }
      },
      "bpp_sail_brown":{
        "minecraft:is_baby":{},
        "minecraft:addrider":{
          "entity_type": "bpp:sail",
          "spawn_event": "brown"
        }
      },
      "bpp_sail_blue":{
        "minecraft:is_baby":{},
        "minecraft:addrider":{
          "entity_type": "bpp:sail",
          "spawn_event": "blue"
        }
      },
      "bpp_sail_purple":{
        "minecraft:is_baby":{},
        "minecraft:addrider":{
          "entity_type": "bpp:sail",
          "spawn_event": "purple"
        }
      },
      "bpp_sail_cyan":{
        "minecraft:is_baby":{},
        "minecraft:addrider":{
          "entity_type": "bpp:sail",
          "spawn_event": "cyan"
        }
      },
      "bpp_sail_lightgray":{
        "minecraft:is_baby":{},
        "minecraft:addrider":{
          "entity_type": "bpp:sail",
          "spawn_event": "lightgray"
        }
      },
      "bpp_sail_gray":{
        "minecraft:is_baby":{},
        "minecraft:addrider":{
          "entity_type": "bpp:sail",
          "spawn_event": "gray"
        }
      },
      "bpp_sail_pink":{
        "minecraft:is_baby":{},
        "minecraft:addrider":{
          "entity_type": "bpp:sail",
          "spawn_event": "pink"
        }
      },
      "bpp_sail_lime":{
        "minecraft:is_baby":{},
        "minecraft:addrider":{
          "entity_type": "bpp:sail",
          "spawn_event": "lime"
        }
      },
      "bpp_sail_yellow":{
        "minecraft:is_baby":{},
        "minecraft:addrider":{
          "entity_type": "bpp:sail",
          "spawn_event": "yellow"
        }
      },
      "bpp_sail_lightblue":{
        "minecraft:is_baby":{},
        "minecraft:addrider":{
          "entity_type": "bpp:sail",
          "spawn_event": "lightblue"
        }
      },
      "bpp_sail_magenta":{
        "minecraft:is_baby":{},
        "minecraft:addrider":{
          "entity_type": "bpp:sail",
          "spawn_event": "magenta"
        }
      },
      "bpp_sail_orange":{
        "minecraft:is_baby":{},
        "minecraft:addrider":{
          "entity_type": "bpp:sail",
          "spawn_event": "orange"
        }
      },
      "minecraft:floating": {
        "minecraft:buoyant": {
          "base_buoyancy": 1.0,
          "apply_gravity": true,
          "simulate_waves": true,
          "big_wave_probability": 0.03,
          "big_wave_speed": 10.0,
          "liquid_blocks": [
            "minecraft:water",
            "minecraft:flowing_water"
          ]
        }
      },
      "minecraft:can_ride": {
        "minecraft:rideable": {
          "seat_count": 2,
          "interact_text": "action.interact.ride.boat",
          "pull_in_entities": true,
          "rider_can_interact": true,
          "seats": [
            {
              "position": [ 0.0, -0.2, 0.0 ],
              "min_rider_count": 0,
              "max_rider_count": 1,
              "rotate_rider_by": -90,
              "lock_rider_rotation": 90
            },
            {
              "position": [ 0.3, -0.2, 0.0 ],
              "min_rider_count": 2,
              "max_rider_count": 2,
              "rotate_rider_by": "query.has_any_family('blaze', 'creeper', 'enderman', 'illager', 'magmacube', 'piglin', 'player', 'skeleton', 'slime', 'villager', 'wandering_trader', 'witch', 'zombie', 'zombie_pigman', 'bpp') ? -90 : 0",
              "lock_rider_rotation": 90
            },
            {
              "position": [ -0.5, -0.2, 0.0 ],
              "min_rider_count": 2,
              "max_rider_count": 2,
              "rotate_rider_by": "query.has_any_family('blaze', 'creeper', 'enderman', 'illager', 'magmacube', 'piglin', 'player', 'skeleton', 'slime', 'villager', 'wandering_trader', 'witch', 'zombie', 'zombie_pigman', 'bpp') ? -90 : 0",
              "lock_rider_rotation": 90
            }
          ]
        }
      },
      "minecraft:above_bubble_column_down": {
        "minecraft:buoyant": {
          "base_buoyancy": 1.0,
          "apply_gravity": true,
          "simulate_waves": false,
          "liquid_blocks": [
            "minecraft:water",
            "minecraft:flowing_water"
          ],
          "drag_down_on_buoyancy_removed": 0.7
        },
        "minecraft:timer": {
          "looping": false,
          "time": 3,
          "time_down_event": {
            "event": "minecraft:sink",
            "target": "self"
          }
        },
        "minecraft:out_of_control": {
        }
      },
      "minecraft:above_bubble_column_up": {
        "minecraft:buoyant": {
          "base_buoyancy": 1.0,
          "apply_gravity": true,
          "simulate_waves": false,
          "liquid_blocks": [
            "minecraft:water",
            "minecraft:flowing_water"
          ],
          "drag_down_on_buoyancy_removed": 0.7
        },
        "minecraft:out_of_control": {
        }
      }
    },

    "components": {
      "minecraft:type_family": {
        "family": [ "boat", "inanimate" ]
      },
      "minecraft:collision_box": {
        "width": 1.4,
        "height": 0.455
      },
      "minecraft:hurt_on_condition": {
        "damage_conditions": [
          {
            "filters": {
              "test": "in_lava",
              "subject": "self",
              "operator": "==",
              "value": true
            },
            "cause": "lava",
            "damage_per_tick": 4
          }
        ]
      },
      "minecraft:loot": {
        "table": "loot_tables/entities/boat.json"
      },
      "minecraft:leashable": {
        "soft_distance": 4.0,
        "hard_distance": 6.0,
        "max_distance": 10.0
      },
      "minecraft:rideable": {
        "seat_count": 2,
        "interact_text": "action.interact.ride.boat",
        "pull_in_entities": true,
        "rider_can_interact": true,
        "seats": [
          {
            "position": [ 0.0, -0.2, 0.0 ],
            "min_rider_count": 0,
            "max_rider_count": 1,
            "rotate_rider_by": -90,
            "lock_rider_rotation": 90
          },
          {
            "position": [ 0.3, -0.2, 0.0 ],
            "min_rider_count": 2,
            "max_rider_count": 2,
            "rotate_rider_by": "query.has_any_family('blaze', 'creeper', 'enderman', 'illager', 'magmacube', 'piglin', 'player', 'skeleton', 'slime', 'villager', 'wandering_trader', 'witch', 'zombie', 'zombie_pigman', 'bpp') ? -90 : 0",
            "lock_rider_rotation": 90
          },
          {
            "position": [ -0.5, -0.2, 0.0 ],
            "min_rider_count": 2,
            "max_rider_count": 2,
            "rotate_rider_by": "query.has_any_family('blaze', 'creeper', 'enderman', 'illager', 'magmacube', 'piglin', 'player', 'skeleton', 'slime', 'villager', 'wandering_trader', 'witch', 'zombie', 'zombie_pigman', 'bpp') ? -90 : 0",
            "lock_rider_rotation": 90
          }
        ]
      },
      "minecraft:interact": {
        "interactions": [
          {
            "on_interact": {
              "filters": {
                "all_of": [
                  { "test": "has_equipment", "subject": "other", "domain": "hand", "operator": "equals", "value": "chest" },
                  { "test": "rider_count", "subject": "self", "operator": "<", "value": 2 },
                  { "test": "has_component", "subject": "self", "operator": "!=", "value": "minecraft:is_baby" }
                ]
              },
              "event": "bpp_chest",
              "target": "self"
            },
            "use_item": true,
            "cooldown": 0.25,
            "swing": true,
            "interact_text": "action.interact.bpp_chest"
          },
          {
            "on_interact": {
              "filters": {
                "all_of": [
                  { "test": "has_equipment", "subject": "other", "domain": "hand", "operator": "equals", "value": "barrel" },
                  { "test": "rider_count", "subject": "self", "operator": "<", "value": 2 },
                  { "test": "has_component", "subject": "self", "operator": "!=", "value": "minecraft:is_baby" }
                ]
              },
              "event": "bpp_barrel",
              "target": "self"
            },
            "use_item": true,
            "cooldown": 0.25,
            "swing": true,
            "interact_text": "action.interact.bpp_barrel"
          },
          {
            "on_interact": {
              "filters": {
                "all_of": [
                  { "test": "has_equipment", "subject": "other", "domain": "hand", "operator": "equals", "value": "hopper" },
                  { "test": "rider_count", "subject": "self", "operator": "equals", "value": 0 }
                ]
              },
              "event": "bpp_hopper",
              "target": "self"
            },
            "use_item": true,
            "cooldown": 0.25,
            "swing": true,
            "interact_text": "action.interact.bpp_hopper"
          },
          {
            "on_interact": {
              "filters": {
                "all_of": [
                  { "test": "has_equipment", "subject": "other", "domain": "hand", "operator": "equals", "value": "dispenser" },
                  { "test": "rider_count", "subject": "self", "operator": "equals", "value": 0 }
                ]
              },
              "event": "bpp_dispenser",
              "target": "self"
            },
            "use_item": true,
            "cooldown": 0.25,
            "swing": true,
            "interact_text": "action.interact.bpp_dispenser"
          },
          {
            "on_interact": {
              "filters": {
                "all_of": [
                  { "test": "is_riding", "subject": "player", "operator": "equals", "value": true },
                  { "test": "has_equipment", "subject": "player", "domain": "hand", "operator": "equals", "value": "tnt" },
                  { "test": "has_component", "subject": "self", "operator": "==", "value": "minecraft:is_saddled" }
                ]
              },
              "event": "shoot_event",
              "target": "self"
            },
            "use_item": true,
            "cooldown": 0.5,
            "swing": true,
            "interact_text": "action.interact.shoot_tnt"
          },
          {
            "on_interact": {
              "filters": {
                "all_of": [
                  { "test": "has_equipment", "subject": "other", "domain": "hand", "operator": "equals", "value": "bpp:sail_item_white" },
                  { "test": "rider_count", "subject": "self", "operator": "equals", "value": 0 }
                ]
              },
              "event": "bpp_sail_white",
              "target": "self"
            },
            "use_item": true,
            "cooldown": 0.25,
            "swing": true,
            "interact_text": "action.interact.bpp_sail"
          },
          {
            "on_interact": {
              "filters": {
                "all_of": [
                  { "test": "has_equipment", "subject": "other", "domain": "hand", "operator": "equals", "value": "bpp:sail_item_red" },
                  { "test": "rider_count", "subject": "self", "operator": "equals", "value": 0 }
                ]
              },
              "event": "bpp_sail_red",
              "target": "self"
            },
            "use_item": true,
            "cooldown": 0.25,
            "swing": true,
            "interact_text": "action.interact.bpp_sail"
          },
          {
            "on_interact": {
              "filters": {
                "all_of": [
                  { "test": "has_equipment", "subject": "other", "domain": "hand", "operator": "equals", "value": "bpp:sail_item_black" },
                  { "test": "rider_count", "subject": "self", "operator": "equals", "value": 0 }
                ]
              },
              "event": "bpp_sail_black",
              "target": "self"
            },
            "use_item": true,
            "cooldown": 0.25,
            "swing": true,
            "interact_text": "action.interact.bpp_sail"
          },
          {
            "on_interact": {
              "filters": {
                "all_of": [
                  { "test": "has_equipment", "subject": "other", "domain": "hand", "operator": "equals", "value": "bpp:sail_item_green" },
                  { "test": "rider_count", "subject": "self", "operator": "equals", "value": 0 }
                ]
              },
              "event": "bpp_sail_green",
              "target": "self"
            },
            "use_item": true,
            "cooldown": 0.25,
            "swing": true,
            "interact_text": "action.interact.bpp_sail"
          },
          {
            "on_interact": {
              "filters": {
                "all_of": [
                  { "test": "has_equipment", "subject": "other", "domain": "hand", "operator": "equals", "value": "bpp:sail_item_brown" },
                  { "test": "rider_count", "subject": "self", "operator": "equals", "value": 0 }
                ]
              },
              "event": "bpp_sail_brown",
              "target": "self"
            },
            "use_item": true,
            "cooldown": 0.25,
            "swing": true,
            "interact_text": "action.interact.bpp_sail"
          },
          {
            "on_interact": {
              "filters": {
                "all_of": [
                  { "test": "has_equipment", "subject": "other", "domain": "hand", "operator": "equals", "value": "bpp:sail_item_blue" },
                  { "test": "rider_count", "subject": "self", "operator": "equals", "value": 0 }
                ]
              },
              "event": "bpp_sail_blue",
              "target": "self"
            },
            "use_item": true,
            "cooldown": 0.25,
            "swing": true,
            "interact_text": "action.interact.bpp_sail"
          },
          {
            "on_interact": {
              "filters": {
                "all_of": [
                  { "test": "has_equipment", "subject": "other", "domain": "hand", "operator": "equals", "value": "bpp:sail_item_purple" },
                  { "test": "rider_count", "subject": "self", "operator": "equals", "value": 0 }
                ]
              },
              "event": "bpp_sail_purple",
              "target": "self"
            },
            "use_item": true,
            "cooldown": 0.25,
            "swing": true,
            "interact_text": "action.interact.bpp_sail"
          },
          {
            "on_interact": {
              "filters": {
                "all_of": [
                  { "test": "has_equipment", "subject": "other", "domain": "hand", "operator": "equals", "value": "bpp:sail_item_cyan" },
                  { "test": "rider_count", "subject": "self", "operator": "equals", "value": 0 }
                ]
              },
              "event": "bpp_sail_cyan",
              "target": "self"
            },
            "use_item": true,
            "cooldown": 0.25,
            "swing": true,
            "interact_text": "action.interact.bpp_sail"
          },
          {
            "on_interact": {
              "filters": {
                "all_of": [
                  { "test": "has_equipment", "subject": "other", "domain": "hand", "operator": "equals", "value": "bpp:sail_item_lightgray" },
                  { "test": "rider_count", "subject": "self", "operator": "equals", "value": 0 }
                ]
              },
              "event": "bpp_sail_lightgray",
              "target": "self"
            },
            "use_item": true,
            "cooldown": 0.25,
            "swing": true,
            "interact_text": "action.interact.bpp_sail"
          },
          {
            "on_interact": {
              "filters": {
                "all_of": [
                  { "test": "has_equipment", "subject": "other", "domain": "hand", "operator": "equals", "value": "bpp:sail_item_gray" },
                  { "test": "rider_count", "subject": "self", "operator": "equals", "value": 0 }
                ]
              },
              "event": "bpp_sail_gray",
              "target": "self"
            },
            "use_item": true,
            "cooldown": 0.25,
            "swing": true,
            "interact_text": "action.interact.bpp_sail"
          },
          {
            "on_interact": {
              "filters": {
                "all_of": [
                  { "test": "has_equipment", "subject": "other", "domain": "hand", "operator": "equals", "value": "bpp:sail_item_pink" },
                  { "test": "rider_count", "subject": "self", "operator": "equals", "value": 0 }
                ]
              },
              "event": "bpp_sail_pink",
              "target": "self"
            },
            "use_item": true,
            "cooldown": 0.25,
            "swing": true,
            "interact_text": "action.interact.bpp_sail"
          },
          {
            "on_interact": {
              "filters": {
                "all_of": [
                  { "test": "has_equipment", "subject": "other", "domain": "hand", "operator": "equals", "value": "bpp:sail_item_lime" },
                  { "test": "rider_count", "subject": "self", "operator": "equals", "value": 0 }
                ]
              },
              "event": "bpp_sail_lime",
              "target": "self"
            },
            "use_item": true,
            "cooldown": 0.25,
            "swing": true,
            "interact_text": "action.interact.bpp_sail"
          },
          {
            "on_interact": {
              "filters": {
                "all_of": [
                  { "test": "has_equipment", "subject": "other", "domain": "hand", "operator": "equals", "value": "bpp:sail_item_yellow" },
                  { "test": "rider_count", "subject": "self", "operator": "equals", "value": 0 }
                ]
              },
              "event": "bpp_sail_yellow",
              "target": "self"
            },
            "use_item": true,
            "cooldown": 0.25,
            "swing": true,
            "interact_text": "action.interact.bpp_sail"
          },
          {
            "on_interact": {
              "filters": {
                "all_of": [
                  { "test": "has_equipment", "subject": "other", "domain": "hand", "operator": "equals", "value": "bpp:sail_item_lightblue" },
                  { "test": "rider_count", "subject": "self", "operator": "equals", "value": 0 }
                ]
              },
              "event": "bpp_sail_lightblue",
              "target": "self"
            },
            "use_item": true,
            "cooldown": 0.25,
            "swing": true,
            "interact_text": "action.interact.bpp_sail"
          },
          {
            "on_interact": {
              "filters": {
                "all_of": [
                  { "test": "has_equipment", "subject": "other", "domain": "hand", "operator": "equals", "value": "bpp:sail_item_magenta" },
                  { "test": "rider_count", "subject": "self", "operator": "equals", "value": 0 }
                ]
              },
              "event": "bpp_sail_magenta",
              "target": "self"
            },
            "use_item": true,
            "cooldown": 0.25,
            "swing": true,
            "interact_text": "action.interact.bpp_sail"
          },
          {
            "on_interact": {
              "filters": {
                "all_of": [
                  { "test": "has_equipment", "subject": "other", "domain": "hand", "operator": "equals", "value": "bpp:sail_item_orange" },
                  { "test": "rider_count", "subject": "self", "operator": "equals", "value": 0 }
                ]
              },
              "event": "bpp_sail_orange",
              "target": "self"
            },
            "use_item": true,
            "cooldown": 0.25,
            "swing": true,
            "interact_text": "action.interact.bpp_sail"
          }
        ]
      },
      "minecraft:is_stackable": {
      },
      "minecraft:physics": {
      },
      "minecraft:pushable": {
        "is_pushable": true,
        "is_pushable_by_piston": true
      },
      "minecraft:buoyant": {
        "base_buoyancy": 1.0,
        "apply_gravity": true,
        "simulate_waves": true,
        "big_wave_probability": 0.03,
        "big_wave_speed": 10.0,
        "liquid_blocks": [
          "minecraft:water",
          "minecraft:flowing_water"
          ]
      },
      "minecraft:conditional_bandwidth_optimization": {
        "default_values": {
          "max_optimized_distance": 60.0,
          "max_dropped_ticks": 20,
          "use_motion_prediction_hints": true
        },
        "conditional_values": [
          {
            "max_optimized_distance": 0.0,
            "max_dropped_ticks": 0,
            "use_motion_prediction_hints": true,
            "conditional_values": [
              {
                "test": "is_moving",
                "subject": "self",
                "operator": "==",
                "value": true
              }
            ]
          }
        ]
      },
      "minecraft:inside_block_notifier": {
        "block_list": [
          {
            "block": {
              "name": "minecraft:bubble_column",
              "states": {
                "drag_down": true
              }
            },
            "entered_block_event": {
              "event": "minecraft:entered_bubble_column_down",
              "target": "self"
            },
            "exited_block_event": {
              "event": "minecraft:exited_bubble_column",
              "target": "self"
            }
          },
          {
            "block": {
              "name": "minecraft:bubble_column",
              "states": {
                "drag_down": false
              }
            },
            "entered_block_event": {
              "event": "minecraft:entered_bubble_column_up",
              "target": "self"
            },
            "exited_block_event": {
              "event": "minecraft:exited_bubble_column",
              "target": "self"
            }
          }
        ]
      }
    },

    "events": {
      "bpp_chest":{ "add": { "component_groups": [ "bpp_chest" ] } },
      "bpp_barrel":{ "add": { "component_groups": [ "bpp_barrel" ] } },
      "bpp_hopper":{ "add": { "component_groups": [ "bpp_hopper" ] } },
      "bpp_dispenser":{ "add": { "component_groups": [ "bpp_dispenser" ] } },
      "shoot_event":{ "add": { "component_groups": [ "shoot_event" ] } },
      "remove_shoot_event":{ "add": { "component_groups": [ "remove_shoot_event" ] } },

      "bpp_sail_white":{ "add": { "component_groups": [ "bpp_sail_white" ] } },
      "bpp_sail_red":{ "add": { "component_groups": [ "bpp_sail_red" ] } },
      "bpp_sail_black": { "add":{ "component_groups":[ "bpp_sail_black" ] } },
      "bpp_sail_green": { "add":{ "component_groups":[ "bpp_sail_green" ] } },
      "bpp_sail_brown": { "add":{ "component_groups":[ "bpp_sail_brown" ] } },
      "bpp_sail_blue": { "add":{ "component_groups":[ "bpp_sail_blue" ] } },
      "bpp_sail_purple": { "add":{ "component_groups":[ "bpp_sail_purple" ] } },
      "bpp_sail_cyan": { "add":{ "component_groups":[ "bpp_sail_cyan" ] } },
      "bpp_sail_lightgray": { "add":{ "component_groups":[ "bpp_sail_lightgray" ] } },
      "bpp_sail_gray": { "add":{ "component_groups":[ "bpp_sail_gray" ] } },
      "bpp_sail_pink": { "add":{ "component_groups":[ "bpp_sail_pink" ] } },
      "bpp_sail_lime": { "add":{ "component_groups":[ "bpp_sail_lime" ] } },
      "bpp_sail_yellow": { "add":{ "component_groups":[ "bpp_sail_yellow" ] } },
      "bpp_sail_lightblue": { "add":{ "component_groups":[ "bpp_sail_lightblue" ] } },
      "bpp_sail_magenta": { "add":{ "component_groups":[ "bpp_sail_magenta" ] } },
      "bpp_sail_orange": { "add":{ "component_groups":[ "bpp_sail_orange" ] } },

      "minecraft:entered_bubble_column_down": {
        "remove": {
          "component_groups": [
            "minecraft:floating"
          ]
        },
        "add": {
          "component_groups": [
            "minecraft:above_bubble_column_down"
          ]
        }
      },
      "minecraft:entered_bubble_column_up": {
        "remove": {
          "component_groups": [
            "minecraft:floating"
          ]
        },
        "add": {
          "component_groups": [
            "minecraft:above_bubble_column_up"
          ]
        }
      },
      "minecraft:exited_bubble_column": {
        "remove": {
          "component_groups": [
            "minecraft:above_bubble_column_down",
            "minecraft:above_bubble_column_up"
          ]
        },
        "add": {
          "component_groups": [
            "minecraft:floating",
            "minecraft:can_ride"
          ]
        }
      },
      "minecraft:sink": {
        "remove": {
          "component_groups": [
            "minecraft:floating",
            "minecraft:can_ride",
            "minecraft:above_bubble_column_down",
            "minecraft:above_bubble_column_up"
          ]
        }
      }
    }
  }
}