{
  "format_version": "1.16.0",
  "minecraft:entity": {
    "description": {
      "identifier": "bpp:despawn",
      "is_spawnable": false,
      "is_summonable": true,
      "is_experimental": false
    },
    "component_groups": {
      "despawn":{
        "minecraft:instant_despawn": {}
      }
    },
    "components": {
      "minecraft:type_family": {
        "family": [
          "bpp", "bpp_despawn"
        ]
      },
      "minecraft:collision_box": {
        "width": 0,
        "height": 0
      },
      "minecraft:health": {
        "value": {
          "range_min": 5,
          "range_max": 5
        }
      },
      "minecraft:damage_sensor": {
        "triggers": [
          {
            "cause": "all",
            "deals_damage": false
          }
        ]
      },
      "minecraft:timer":{
        "looping": false,
        "time": 0.25,
        "time_down_event": {
          "event": "despawn",
          "target": "self"
        }
      },
      "minecraft:pushable": {
        "is_pushable": false,
        "is_pushable_by_piston": false
      },
      "minecraft:physics": {
        "has_collision": false,
        "has_gravity": false
      }
    },
    "events": {
      "despawn": {
        "add":{
          "component_groups":[
            "despawn"
          ]
        }
      }
    }
  }
}