{
  "format_version": "1.16.0",
  "minecraft:entity": {
    "description": {
      "identifier": "bpp:dispenser",
      "is_spawnable": false,
      "is_summonable": true,
      "is_experimental": false
    },
    "component_groups": {
      "despawn":{
        "minecraft:transformation": {
          "into": "bpp:despawn",
          "drop_inventory": true,
          "drop_equipment": true
        }
      },
      "shoot":{
        "minecraft:spawn_entity": {
					"entities": {
						"min_wait_time": 0,
						"max_wait_time": 0,
						"spawn_sound": "bow",
						"single_use": true,
						"spawn_entity": "bpp:tnt_ammo",
						"num_to_spawn": 1
					}
				}
      }
    },
    "components": {
      "minecraft:type_family": {
        "family": [
          "bpp_dispenser"
        ]
      },
      "minecraft:scale": {
        "value": 0.8
      },
      "minecraft:collision_box": {
        "width": 0.0,
        "height": 0.0
      },
      "minecraft:custom_hit_test": {
        "hitboxes": [
          {
            "width": 1,
            "height": 1,
            "pivot": [0, 0.5, 0]
          }
        ]
      },
      "minecraft:health": {
        "value": {
          "range_min": 5,
          "range_max": 5
        }
      },
      "minecraft:damage_sensor": {
        "triggers": [
          {
            "cause": "all",
            "deals_damage": false
          }
        ]
      },
      "minecraft:equipment": {
        "table": "loot_tables/bpp_dispenser.json",
        "slot_drop_chance": [
          {
            "slot": "slot.weapon.mainhand",
            "drop_chance": 1.0
          }
        ]
      },
      "minecraft:environment_sensor": {
        "triggers": [
          {
            "filters": {
              "all_of": [
                { "test": "is_riding", "subject": "self", "operator": "!=", "value": true }
              ]
            },
            "event": "despawn"
          }
        ]
      },
      "minecraft:pushable": {
        "is_pushable": false,
        "is_pushable_by_piston": false
      },
      "minecraft:physics": {}
    },
    "events": {
      "despawn": { "add":{ "component_groups":[ "despawn" ] } },
      "shoot": { "add":{ "component_groups":[ "shoot" ] } }
    }
  }
}