{
  "format_version": "1.16.0",
  "minecraft:entity": {
    "description": {
      "identifier": "bpp:sail",
      "is_spawnable": false,
      "is_summonable": true,
      "is_experimental": false
    },
    "component_groups": {
      "despawn":{
        "minecraft:transformation": {
          "into": "bpp:despawn",
          "drop_inventory": true,
          "drop_equipment": true
        }
      },
      "white":{
        "minecraft:mark_variant":{
          "value": 0
        }
      },
      "red":{
        "minecraft:mark_variant":{
          "value": 1
        }
      },
      "black":{
        "minecraft:mark_variant":{
          "value": 2
        }
      },
      "green":{
        "minecraft:mark_variant":{
          "value": 3
        }
      },
      "brown":{
        "minecraft:mark_variant":{
          "value": 4
        }
      },
      "blue":{
        "minecraft:mark_variant":{
          "value": 5
        }
      },
      "purple":{
        "minecraft:mark_variant":{
          "value": 6
        }
      },
      "cyan":{
        "minecraft:mark_variant":{
          "value": 7
        }
      },
      "lightgray":{
        "minecraft:mark_variant":{
          "value": 8
        }
      },
      "gray":{
        "minecraft:mark_variant":{
          "value": 9
        }
      },
      "pink":{
        "minecraft:mark_variant":{
          "value": 10
        }
      },
      "lime":{
        "minecraft:mark_variant":{
          "value": 11
        }
      },
      "yellow":{
        "minecraft:mark_variant":{
          "value": 12
        }
      },
      "lightblue":{
        "minecraft:mark_variant":{
          "value": 13
        }
      },
      "magenta":{
        "minecraft:mark_variant":{
          "value": 14
        }
      },
      "orange":{
        "minecraft:mark_variant":{
          "value": 15
        }
      }
    },
    "components": {
      "minecraft:type_family": {
        "family": [
          "bpp", "bpp_chest"
        ]
      },
      "minecraft:scale": {
        "value": 1.0
      },
      "minecraft:collision_box": {
        "width": 0,
        "height": 0
      },
      "minecraft:health": {
        "value": {
          "range_min": 5,
          "range_max": 5
        }
      },
      "minecraft:damage_sensor": {
        "triggers": [
          {
            "cause": "all",
            "deals_damage": false
          }
        ]
      },
      "minecraft:equipment": {
        "table": "loot_tables/bpp_sail.json",
        "slot_drop_chance": [
          {
            "slot": "slot.weapon.mainhand",
            "drop_chance": 1.0
          }
        ]
      },
      "minecraft:environment_sensor": {
        "triggers": [
          {
            "filters": {
              "all_of": [
                { "test": "is_riding", "subject": "self", "operator": "!=", "value": true }
              ]
            },
            "event": "despawn"
          }
        ]
      },
      "minecraft:pushable": {
        "is_pushable": false,
        "is_pushable_by_piston": false
      },
      "minecraft:physics": {}
    },
    "events": {
      "despawn": { "add":{ "component_groups":[ "despawn" ] } },
      "white": { "add":{ "component_groups":[ "white" ] } },
      "red": { "add":{ "component_groups":[ "red" ] } },
      "black": { "add":{ "component_groups":[ "black" ] } },
      "green": { "add":{ "component_groups":[ "green" ] } },
      "brown": { "add":{ "component_groups":[ "brown" ] } },
      "blue": { "add":{ "component_groups":[ "blue" ] } },
      "purple": { "add":{ "component_groups":[ "purple" ] } },
      "cyan": { "add":{ "component_groups":[ "cyan" ] } },
      "lightgray": { "add":{ "component_groups":[ "lightgray" ] } },
      "gray": { "add":{ "component_groups":[ "gray" ] } },
      "pink": { "add":{ "component_groups":[ "pink" ] } },
      "lime": { "add":{ "component_groups":[ "lime" ] } },
      "yellow": { "add":{ "component_groups":[ "yellow" ] } },
      "lightblue": { "add":{ "component_groups":[ "lightblue" ] } },
      "magenta": { "add":{ "component_groups":[ "magenta" ] } },
      "orange": { "add":{ "component_groups":[ "orange" ] } }
    }
  }
}