{
  "format_version": "1.16.0",
  "minecraft:entity": {
    "description": {
      "identifier": "bpp:barrel",
      "is_spawnable": false,
      "is_summonable": true,
      "is_experimental": false
    },
    "component_groups": {
      "despawn":{
        "minecraft:transformation": {
          "into": "bpp:despawn",
          "drop_inventory": true,
          "drop_equipment": true
        }
      }
    },
    "components": {
      "minecraft:type_family": {
        "family": [
          "bpp", "bpp_barrel"
        ]
      },
      "minecraft:scale": {
        "value": 0.8
      },
      "minecraft:collision_box": {
        "width": 0,
        "height": 0
      },
      "minecraft:custom_hit_test": {
        "hitboxes": [
          {
            "width": 0.8,
            "height": 0.8,
            "pivot": [0, 0.4, 0]
          }
        ]
      },
      "minecraft:health": {
        "value": {
          "range_min": 5,
          "range_max": 5
        }
      },
      "minecraft:damage_sensor": {
        "triggers": [
          {
            "cause": "all",
            "deals_damage": false
          }
        ]
      },
      "minecraft:equipment": {
        "table": "loot_tables/bpp_barrel.json",
        "slot_drop_chance": [
          {
            "slot": "slot.weapon.mainhand",
            "drop_chance": 1.0
          }
        ]
      },
      "minecraft:inventory": {
        "container_type": "container",
        "inventory_size": 27,
        "can_be_siphoned_from": true
      },
      "minecraft:environment_sensor": {
        "triggers": [
          {
            "filters": {
              "all_of": [
                { "test": "is_riding", "subject": "self", "operator": "!=", "value": true }
              ]
            },
            "event": "despawn"
          }
        ]
      },
      "minecraft:pushable": {
        "is_pushable": false,
        "is_pushable_by_piston": false
      },
      "minecraft:physics": {}
    },
    "events": {
      "despawn": {
        "add":{
          "component_groups":[
            "despawn"
          ]
        }
      }
    }
  }
}