{
    "format_version": "1.12",
    "minecraft:recipe_shaped": {
        "description": {
            "identifier": "bpp:sail_item_red"
        },
        "tags": [
            "crafting_table"
        ],
        "pattern": [
            " S ",
            "WWW",
            " S "
        ],
        "key": {
            "W": {
                "item": "minecraft:wool",
                "data": 14
            },
            "S": {
                "item": "minecraft:stick"
            }
        },
        "result": {
            "item": "bpp:sail_item_red"
        }
    }
}