{
  "format_version": "1.12",
  "minecraft:recipe_shaped": {
    "description": {
    "identifier": "minecraft:iron_pickaxe_from_dark_oak"
    },

    
    "tags": [ "crafting_table", "craft_table" ],
    "pattern": [
      "XXX",
      " # ",
      " # "
    ],
    "key": {
      "#": {
        "item": "morestand:dark_oak_stick"
      },
      "X": {
        "item": "minecraft:iron_ingot"
      }
    },
    "result": {
      "item": "minecraft:iron_pickaxe"
    }
  }
}
