{
    "format_version": "1.10.0",
    "animation_controllers": {
        "controller.animation.shoot_event": {
            "initial_state": "default",
            "states": {
                "default": {
                  "transitions": [
                    { "shoot": "query.skin_id == 1" }
                  ],
                  "on_exit": [
                      "/event entity @e[type=bpp:dispenser,r=1,c=1] shoot"
                  ]
                },
                "shoot": {
                    "transitions": [
                        { "default": "query.skin_id == 0" }
                    ],
                    "on_entry": [
                        "@s remove_shoot_event"
                    ]
                }
            }
        }
    }
}