{
   "pools": [
      {
         "rolls": 1,
         "conditions": [
            { "condition": "has_mark_variant", "value": 0 }
         ],
         "entries": [
            { "type": "item", "name": "bpp:sail_item_white" }
         ]
      },
      {
         "rolls": 1,
         "conditions": [
            { "condition": "has_mark_variant", "value": 1 }
         ],
         "entries": [
            { "type": "item", "name": "bpp:sail_item_red" }
         ]
      },
      {
         "rolls": 1,
         "conditions": [
            { "condition": "has_mark_variant", "value": 2 }
         ],
         "entries": [
            { "type": "item", "name": "bpp:sail_item_black" }
         ]
      },
      {
         "rolls": 1,
         "conditions": [
            { "condition": "has_mark_variant", "value": 3 }
         ],
         "entries": [
            { "type": "item", "name": "bpp:sail_item_green" }
         ]
      },
      {
         "rolls": 1,
         "conditions": [
            { "condition": "has_mark_variant", "value": 4 }
         ],
         "entries": [
            { "type": "item", "name": "bpp:sail_item_brown" }
         ]
      },
      {
         "rolls": 1,
         "conditions": [
            { "condition": "has_mark_variant", "value": 5 }
         ],
         "entries": [
            { "type": "item", "name": "bpp:sail_item_blue" }
         ]
      },
      {
         "rolls": 1,
         "conditions": [
            { "condition": "has_mark_variant", "value": 6 }
         ],
         "entries": [
            { "type": "item", "name": "bpp:sail_item_purple" }
         ]
      },
      {
         "rolls": 1,
         "conditions": [
            { "condition": "has_mark_variant", "value": 7 }
         ],
         "entries": [
            { "type": "item", "name": "bpp:sail_item_cyan" }
         ]
      },
      {
         "rolls": 1,
         "conditions": [
            { "condition": "has_mark_variant", "value": 8 }
         ],
         "entries": [
            { "type": "item", "name": "bpp:sail_item_lightgray" }
         ]
      },
      {
         "rolls": 1,
         "conditions": [
            { "condition": "has_mark_variant", "value": 9 }
         ],
         "entries": [
            { "type": "item", "name": "bpp:sail_item_gray" }
         ]
      },
      {
         "rolls": 1,
         "conditions": [
            { "condition": "has_mark_variant", "value": 10 }
         ],
         "entries": [
            { "type": "item", "name": "bpp:sail_item_pink" }
         ]
      },
      {
         "rolls": 1,
         "conditions": [
            { "condition": "has_mark_variant", "value": 11 }
         ],
         "entries": [
            { "type": "item", "name": "bpp:sail_item_lime" }
         ]
      },
      {
         "rolls": 1,
         "conditions": [
            { "condition": "has_mark_variant", "value": 12 }
         ],
         "entries": [
            { "type": "item", "name": "bpp:sail_item_yellow" }
         ]
      },
      {
         "rolls": 1,
         "conditions": [
            { "condition": "has_mark_variant", "value": 13 }
         ],
         "entries": [
            { "type": "item", "name": "bpp:sail_item_lightblue" }
         ]
      },
      {
         "rolls": 1,
         "conditions": [
            { "condition": "has_mark_variant", "value": 14 }
         ],
         "entries": [
            { "type": "item", "name": "bpp:sail_item_magenta" }
         ]
      },
      {
         "rolls": 1,
         "conditions": [
            { "condition": "has_mark_variant", "value": 15 }
         ],
         "entries": [
            { "type": "item", "name": "bpp:sail_item_orange" }
         ]
      }
   ]
}